-- phpMyAdmin SQL Dump
-- version 4.5.4.1deb2ubuntu2
-- http://www.phpmyadmin.net
--
-- Client :  localhost
-- Généré le :  Mar 23 Avril 2019 à 18:03
-- Version du serveur :  5.7.20-0ubuntu0.16.04.1
-- Version de PHP :  7.2.16-1+ubuntu16.04.1+deb.sury.org+1

SET SQL_MODE = "NO_AUTO_VALUE_ON_ZERO";
SET time_zone = "+00:00";


/*!40101 SET @OLD_CHARACTER_SET_CLIENT=@@CHARACTER_SET_CLIENT */;
/*!40101 SET @OLD_CHARACTER_SET_RESULTS=@@CHARACTER_SET_RESULTS */;
/*!40101 SET @OLD_COLLATION_CONNECTION=@@COLLATION_CONNECTION */;
/*!40101 SET NAMES utf8mb4 */;

--
-- Base de données :  `symfoeval`
--

--
-- Contenu de la table `answer`
--

INSERT INTO `answer` (`id`, `author_id`, `question_id`, `content`, `created_at`, `updated_at`, `status`, `vote`) VALUES
(458, 203, 244, 'Totam explicabo cumque aut hic ut voluptate perspiciatis doloremque.', '2000-09-16 01:05:39', '1982-02-27 15:20:19', 1, 0),
(459, 201, 213, 'Quod ea itaque vel minima ad.', '2010-12-22 23:16:39', '2011-10-28 18:18:30', 1, 0),
(460, 214, 232, 'Magni nobis error voluptatem est et a nostrum.', '1989-06-16 12:39:00', '1984-04-11 21:58:06', 1, 0),
(461, 217, 212, 'Aspernatur magnam nostrum doloribus assumenda eveniet dignissimos.', '2006-03-15 04:27:29', '1996-09-16 05:19:59', 1, 0),
(462, 207, 213, 'Quibusdam debitis ut voluptatibus voluptas.', '2003-08-03 14:58:29', '2003-06-16 16:30:31', 1, 0),
(463, 208, 247, 'Est quis earum sint incidunt est possimus.', '2007-03-23 17:36:58', '1970-05-01 12:23:36', 1, 0),
(464, 212, 232, 'Vero quae natus ipsam sed.', '2004-11-25 04:52:30', '2007-01-09 11:59:15', 1, 0),
(465, 219, 243, 'Vitae enim qui necessitatibus.', '1974-11-10 05:10:39', '1997-03-05 03:06:47', 1, 0),
(466, 209, 223, 'Commodi ut ex minima ullam et rerum esse.', '1984-11-02 15:24:42', '2001-05-13 19:54:37', 1, 0),
(467, 207, 239, 'Quia porro eum error inventore.', '1975-07-18 17:57:38', '2015-01-02 15:35:57', 1, 0),
(468, 202, 255, 'Aperiam asperiores eum officia molestias.', '1986-10-28 22:21:21', '1992-07-08 16:55:27', 1, 0),
(469, 219, 235, 'Fuga qui doloribus cupiditate earum voluptatem minus ullam magnam.', '1997-05-10 10:36:03', '2000-11-08 02:04:05', 1, 0),
(470, 217, 213, 'Laudantium facere repellat nostrum quos blanditiis et.', '1986-02-11 11:25:04', '1977-12-11 21:45:12', 1, 0),
(471, 211, 211, 'Temporibus soluta placeat quod nesciunt.', '2018-10-06 02:47:06', '1998-01-13 14:47:42', 1, 0),
(472, 206, 226, 'Iste ex ab illo sunt officiis.', '1979-01-05 09:57:16', '1978-09-18 22:16:56', 1, 0),
(473, 207, 248, 'Corrupti sed sed consequatur beatae iure qui autem provident.', '1981-12-21 04:00:32', '1973-07-12 22:54:30', 1, 0),
(474, 213, 241, 'Quo laudantium et voluptates tempora.', '1993-12-23 19:09:17', '1997-03-24 00:12:32', 1, 0),
(475, 203, 216, 'Fuga provident rerum et aut assumenda repudiandae odio nobis.', '1987-08-12 06:09:29', '1977-11-28 11:48:43', 1, 0),
(476, 214, 242, 'Voluptatem et explicabo quisquam rem dolores sed.', '1970-10-04 05:28:32', '2014-04-30 05:57:55', 1, 0),
(477, 214, 213, 'Qui quis exercitationem et quo natus sed velit.', '1990-03-17 22:55:02', '1981-03-05 09:13:40', 1, 0),
(478, 219, 250, 'Impedit a esse earum.', '1992-10-24 06:30:51', '2014-04-27 11:44:36', 1, 0),
(479, 213, 227, 'Tempore est alias atque inventore sed sint.', '1999-01-31 10:17:04', '1998-07-11 00:46:44', 1, 0),
(480, 214, 222, 'In qui itaque incidunt voluptatum aperiam reprehenderit voluptatem.', '1998-01-18 01:31:43', '1990-08-29 04:12:29', 1, 0),
(481, 220, 235, 'Architecto eos totam quidem pariatur ab.', '1970-05-22 18:43:01', '1995-07-09 11:10:15', 1, 0),
(482, 207, 226, 'Voluptates quis odio voluptatibus delectus.', '1982-04-25 09:40:10', '1976-12-12 06:11:17', 1, 0),
(483, 217, 238, 'Officia ullam optio voluptatem consequuntur labore inventore blanditiis debitis.', '2014-01-14 12:06:59', '1984-06-20 05:59:53', 1, 0),
(484, 202, 236, 'Et incidunt dolor dolor debitis ipsum cupiditate id.', '2017-12-28 09:49:39', '2007-07-28 01:55:16', 1, 0),
(485, 217, 213, 'Ea quisquam quia perspiciatis illum corrupti.', '1978-02-15 11:50:45', '2018-08-28 11:38:47', 1, 0),
(486, 216, 215, 'Tenetur fugit reiciendis sunt animi.', '2013-09-17 13:26:11', '2016-01-12 08:57:43', 1, 0),
(487, 220, 230, 'Magni aut rerum et sed quos voluptatem nihil.', '1982-02-25 19:40:49', '2012-04-16 13:41:10', 1, 0),
(488, 220, 219, 'Qui cum eius atque perspiciatis et aut.', '2009-08-31 05:09:13', '1979-04-12 02:08:53', 1, 0),
(489, 214, 237, 'Voluptas maiores illo alias labore qui.', '1974-04-04 16:23:06', '1979-10-23 12:27:59', 1, 0),
(490, 205, 230, 'Nam quasi a vel blanditiis et et.', '1972-03-11 11:30:06', '2017-04-11 01:57:23', 1, 0),
(491, 220, 251, 'Quia sequi sit est occaecati pariatur occaecati molestiae.', '2000-06-09 14:52:09', '1997-10-24 12:28:03', 1, 0),
(492, 214, 217, 'Molestiae ullam nisi facere nobis eaque est.', '1991-01-16 00:10:25', '1976-08-21 18:36:41', 1, 0),
(493, 202, 249, 'Aut excepturi nemo voluptate deleniti placeat nostrum.', '1993-12-09 16:16:55', '2005-06-15 13:29:14', 1, 0),
(494, 213, 227, 'Quo natus odit eos.', '1999-05-14 21:08:12', '1983-07-08 08:47:45', 1, 0),
(495, 207, 247, 'Adipisci ad dolores sapiente aut.', '1975-10-03 18:29:26', '2006-05-23 17:37:34', 1, 0),
(496, 208, 251, 'Iste quo earum quia exercitationem.', '1992-03-10 03:45:40', '1990-02-02 14:02:11', 1, 0),
(497, 209, 227, 'Unde consequatur nobis voluptatem dicta et id.', '1990-03-08 08:26:22', '2007-04-11 03:38:18', 1, 0),
(498, 213, 223, 'Quas molestiae qui temporibus odio enim illo sed fuga.', '1998-02-05 06:02:23', '2016-07-31 23:30:02', 1, 0),
(499, 213, 218, 'Sed voluptatem ab distinctio est.', '1984-09-29 19:01:58', '1984-02-11 20:21:45', 1, 0),
(500, 206, 246, 'Porro sed non saepe dolor culpa.', '1970-04-15 23:57:23', '2004-06-17 22:41:25', 1, 0),
(501, 212, 249, 'Quidem at laboriosam minima maiores.', '2017-04-23 03:51:47', '1980-12-07 13:10:18', 1, 0),
(502, 211, 212, 'Ut illo placeat et laboriosam earum mollitia.', '1995-06-09 01:44:36', '2004-06-11 03:54:06', 1, 0),
(503, 213, 209, 'Ex voluptate voluptas unde itaque tempora tempora.', '2001-03-16 16:10:15', '1971-12-27 05:19:52', 1, 0),
(504, 213, 234, 'Enim officiis adipisci nostrum fugit molestiae neque quidem.', '2005-03-06 10:18:40', '1981-03-17 14:29:07', 1, 0),
(505, 212, 238, 'Sed earum magni exercitationem.', '1986-05-03 18:06:31', '1985-05-09 15:59:44', 1, 0),
(506, 214, 207, 'Dicta itaque similique deleniti dolore doloremque aut mollitia.', '2011-07-17 21:18:02', '2007-04-23 06:23:05', 1, 0),
(507, 207, 217, 'Id numquam ea quaerat a rerum veniam id.', '2010-07-26 15:11:20', '1973-08-13 08:20:49', 1, 0),
(508, 208, 217, 'Animi beatae recusandae quidem explicabo dignissimos voluptate est.', '2014-09-15 21:16:58', '2002-03-12 14:56:25', 1, 0),
(509, 217, 250, 'Earum nemo inventore repudiandae expedita aspernatur laboriosam illum.', '1992-08-17 03:22:34', '1998-06-01 13:45:38', 1, 0),
(510, 201, 224, 'Debitis quia voluptatem asperiores consequatur illum.', '2008-03-01 10:46:53', '1990-12-04 00:35:37', 1, 0),
(511, 207, 254, 'Optio et rerum quam necessitatibus non quidem nemo.', '1980-03-10 02:12:35', '2003-05-15 02:04:19', 1, 0),
(512, 219, 230, 'Fugit fugiat aspernatur molestiae molestiae blanditiis iusto laudantium.', '2008-01-25 22:52:24', '1973-04-11 13:57:56', 1, 0),
(513, 213, 243, 'Consequatur doloremque ut debitis asperiores autem perspiciatis.', '1989-11-17 07:15:45', '2008-08-07 12:24:03', 1, 0),
(514, 211, 213, 'Dignissimos quisquam odit labore odio nisi rerum.', '1994-10-14 08:03:11', '2007-02-14 19:23:45', 1, 0),
(515, 218, 255, 'Inventore quidem quia dolorem sit labore sapiente.', '2011-03-09 20:52:24', '1981-03-08 22:36:04', 1, 0),
(516, 206, 243, 'Qui iure omnis culpa eos nobis repudiandae.', '1985-01-03 18:40:47', '2017-03-20 02:35:59', 1, 0),
(517, 216, 252, 'Qui repellendus dolores molestias dolores sed.', '2008-01-14 15:38:51', '1987-10-11 11:18:07', 1, 0),
(518, 210, 225, 'Doloremque est quaerat rerum fuga occaecati velit ab harum.', '1994-09-23 09:15:34', '1973-04-30 00:09:02', 1, 0),
(519, 215, 211, 'Tempora alias dicta ea voluptatum.', '1979-03-19 14:09:58', '1991-01-20 14:16:12', 1, 0),
(520, 204, 225, 'Minus aut dolor veritatis laudantium eos quaerat voluptatem quasi.', '1981-12-30 13:18:24', '1972-12-30 05:57:14', 1, 0),
(521, 210, 234, 'Aliquid et numquam inventore deserunt rerum reiciendis in.', '2010-12-25 20:04:24', '2009-08-21 10:32:12', 1, 0),
(522, 205, 234, 'Cupiditate voluptate magnam reprehenderit voluptas aut non accusantium consequatur.', '1976-09-19 06:22:01', '2005-02-21 19:21:11', 1, 0),
(523, 209, 249, 'Et impedit commodi dolore dicta possimus voluptas.', '2006-04-25 12:00:51', '1983-04-23 16:32:07', 1, 0),
(524, 214, 213, 'Ut atque et inventore quidem quaerat et.', '2002-08-22 19:35:40', '2012-01-15 06:57:12', 1, 0),
(525, 219, 231, 'Deserunt at distinctio porro a.', '1976-08-26 07:31:02', '1976-04-17 21:14:05', 1, 0),
(526, 208, 234, 'Excepturi omnis distinctio repudiandae a voluptatem minima dolor.', '2013-04-25 06:17:35', '2009-10-06 18:36:36', 1, 0),
(527, 205, 240, 'Iusto qui at quod quia iure.', '1982-08-25 10:28:32', '1972-06-02 23:01:28', 1, 0),
(528, 203, 219, 'Sed explicabo qui illo enim aut.', '2017-03-13 23:42:11', '1990-07-08 07:26:44', 1, 0),
(529, 207, 231, 'Maxime at velit dolorum eveniet.', '1976-04-20 12:34:01', '2001-05-23 21:16:20', 1, 0),
(530, 206, 235, 'Atque quisquam consequatur culpa rem saepe esse animi.', '1994-12-14 04:12:25', '2001-08-04 18:06:14', 1, 0),
(531, 204, 226, 'Nulla dolores dolore eos similique modi rerum.', '2016-04-24 14:19:51', '2003-09-22 12:51:08', 1, 0),
(532, 202, 236, 'Ad ut ullam facere qui voluptatem sit.', '2015-06-28 04:37:40', '1992-12-13 18:47:33', 1, 0),
(533, 201, 253, 'Quibusdam molestiae et sit earum et modi rerum.', '1998-12-17 13:25:28', '1975-09-26 17:58:20', 1, 0),
(534, 208, 245, 'Dolor quia expedita provident provident ex qui totam.', '1997-06-03 07:08:14', '2005-11-05 10:48:29', 1, 0),
(535, 219, 238, 'Explicabo ea doloremque hic.', '2000-10-04 00:18:20', '1995-05-27 16:29:22', 1, 0),
(536, 215, 255, 'Nisi consectetur sint qui aliquam error quo ut.', '2010-12-21 01:28:39', '2016-12-08 02:19:03', 1, 0),
(537, 209, 216, 'Ipsam repellat et ut.', '1986-05-04 03:02:17', '1972-10-02 08:43:04', 1, 0),
(538, 213, 230, 'Reiciendis velit repudiandae nihil nobis ab.', '1985-10-16 18:30:13', '1972-05-01 04:00:36', 1, 0),
(539, 215, 239, 'Omnis hic at ut exercitationem reprehenderit.', '2017-06-17 18:57:52', '2016-03-31 15:01:04', 1, 0),
(540, 213, 211, 'Quia sint itaque quia sint.', '1991-12-17 09:48:33', '2006-03-08 14:01:47', 1, 0),
(541, 209, 249, 'Culpa totam vero fugit quia.', '2007-11-19 01:08:49', '2011-02-25 02:51:58', 1, 0),
(542, 218, 253, 'Deleniti suscipit officiis architecto quo eveniet nobis aut debitis.', '1970-11-04 10:35:08', '2005-10-02 15:41:34', 1, 0),
(543, 203, 255, 'Nihil repudiandae nesciunt et aut.', '1996-05-21 02:07:52', '1986-11-14 01:22:43', 1, 0),
(544, 213, 208, 'Qui tenetur eius quia explicabo eveniet maxime aut.', '1979-11-07 09:53:38', '1981-03-27 18:06:48', 1, 0),
(545, 208, 235, 'Corrupti at sit quidem aliquid.', '1977-12-22 04:01:06', '1982-09-08 11:48:28', 1, 0),
(546, 202, 222, 'Provident perferendis id in sint cum.', '2002-06-21 03:09:44', '1985-09-18 03:34:42', 1, 0),
(547, 203, 254, 'Facilis neque ipsum rem alias qui atque ipsum.', '2001-03-24 21:05:02', '1971-06-08 02:41:19', 1, 0),
(548, 203, 231, 'Eum dolore ut nihil nesciunt odio quibusdam sunt.', '2002-09-08 03:02:28', '2014-01-29 14:40:19', 1, 0),
(549, 212, 249, 'Placeat hic et modi ullam est et numquam facere.', '1998-03-22 06:55:37', '1979-02-17 10:59:09', 1, 0),
(550, 216, 233, 'Totam autem perferendis aut odio officiis.', '2005-07-24 23:25:44', '1975-08-29 00:06:08', 1, 0),
(551, 210, 227, 'Hic quis incidunt voluptatem autem voluptatibus.', '1985-04-03 09:24:40', '2008-06-27 04:46:16', 1, 0),
(552, 219, 242, 'Est deleniti rerum esse enim at culpa.', '2018-04-14 10:45:34', '2012-01-01 07:35:50', 1, 0),
(553, 215, 252, 'Repudiandae eum rerum consequatur quaerat repudiandae voluptatem praesentium.', '1981-05-05 17:09:38', '2000-08-02 06:17:20', 1, 0),
(554, 210, 249, 'Nemo iure quo delectus soluta sunt harum quidem.', '2017-05-10 11:49:44', '2002-07-24 19:04:06', 1, 0),
(555, 206, 249, 'Excepturi rerum quia quae.', '2005-12-04 15:18:35', '2015-02-28 01:55:54', 1, 0),
(556, 207, 250, 'Nesciunt aperiam a labore molestiae.', '2018-05-10 20:53:24', '2012-04-09 08:00:41', 1, 0),
(557, 209, 247, 'Veritatis hic et repellat dolores enim illum ea.', '2005-03-15 20:30:03', '1970-12-20 14:45:27', 1, 0),
(558, 220, 251, 'Non et nulla et voluptas.', '1976-05-14 07:41:06', '1999-11-11 23:33:18', 1, 0),
(559, 214, 237, 'Officiis deleniti ratione ullam repudiandae enim rem.', '2000-04-28 22:55:13', '1996-11-26 14:11:33', 1, 0),
(560, 217, 208, 'Architecto consequatur voluptatem dicta consequatur sit voluptatibus explicabo.', '1982-02-26 15:23:27', '1993-10-19 05:05:10', 1, 0),
(561, 219, 226, 'Aut nemo illo nostrum at.', '1994-11-30 03:03:43', '2007-01-01 08:10:31', 1, 0),
(562, 204, 252, 'Facilis doloremque voluptas ipsum sint dolores sed est.', '2008-12-14 12:58:00', '1996-02-13 03:30:50', 1, 0),
(563, 215, 208, 'Dolor hic non nemo.', '1980-08-14 07:43:32', '2007-05-31 20:04:17', 1, 0),
(564, 208, 207, 'Et sapiente nostrum est ut aut corporis delectus.', '1979-01-10 18:50:41', '1992-08-17 17:43:43', 1, 0),
(565, 214, 246, 'Exercitationem eum quidem ipsa quo est aut ut.', '1986-04-29 15:45:45', '1996-03-29 22:08:17', 1, 0),
(566, 209, 229, 'In odio facere officia consectetur qui reprehenderit nesciunt.', '1977-03-08 05:40:07', '1986-08-21 01:55:31', 1, 0),
(567, 207, 234, 'Sit consectetur voluptatem qui dolorum eveniet esse.', '2008-06-01 12:26:06', '1996-06-08 12:18:14', 1, 0),
(568, 208, 214, 'Tempore enim sint similique totam inventore.', '2013-05-28 16:41:12', '1997-12-29 14:40:07', 1, 0),
(569, 218, 218, 'Dignissimos enim explicabo et laudantium ut sunt sunt.', '1985-07-18 18:23:01', '1999-03-31 12:45:20', 1, 0),
(570, 220, 227, 'Delectus sed cumque tempora assumenda nostrum aut a nisi.', '1979-11-06 20:15:28', '2018-12-11 16:52:01', 1, 0),
(571, 205, 207, 'In et et alias rerum voluptatem pariatur.', '2017-10-11 04:00:32', '1976-03-26 09:48:12', 1, 0),
(572, 205, 248, 'Aut sit impedit consequatur non dolore.', '2002-08-11 14:11:27', '1970-12-08 03:04:37', 1, 0),
(573, 201, 251, 'Pariatur dolorum ut qui similique quaerat repellat ullam.', '2014-06-08 17:30:21', '1972-02-12 07:46:40', 1, 0),
(574, 205, 221, 'Doloribus doloribus qui architecto doloribus.', '2016-04-04 04:04:15', '1974-05-07 05:48:07', 1, 0),
(575, 204, 209, 'Saepe est dolorem est ad.', '1987-09-21 05:25:23', '1996-10-11 01:12:50', 1, 0),
(576, 209, 218, 'Ipsum suscipit et suscipit vel asperiores.', '1981-10-15 03:02:08', '1998-02-06 01:08:37', 1, 0),
(577, 209, 247, 'Consequatur impedit iure et libero sed ex.', '1989-08-28 15:08:20', '1987-12-26 13:56:08', 1, 0),
(578, 202, 217, 'Eveniet eum qui rerum praesentium.', '1995-10-28 00:17:59', '2013-06-20 08:07:58', 1, 0),
(579, 216, 232, 'Exercitationem qui eaque est qui.', '2011-02-03 05:48:22', '2007-08-18 06:39:23', 1, 0),
(580, 217, 238, 'Ea suscipit facilis id in reiciendis explicabo.', '2011-05-24 13:16:27', '1992-08-07 03:36:03', 1, 0),
(581, 203, 221, 'Magni alias quo nam aut earum nihil in velit.', '1987-07-23 16:35:50', '2008-03-08 13:29:20', 1, 0),
(582, 218, 222, 'Odio voluptatem eum similique eligendi voluptates.', '1973-01-15 00:43:51', '2006-04-15 15:42:42', 1, 0),
(583, 209, 211, 'Voluptatem veritatis est dolores ea nihil beatae pariatur.', '1971-01-01 00:47:15', '2002-03-05 03:55:09', 1, 0),
(584, 204, 218, 'Explicabo tempora reiciendis repellat dolor dolorem reiciendis.', '1982-05-09 02:41:18', '2002-12-23 07:54:11', 1, 0),
(585, 203, 251, 'Id corporis unde expedita aut.', '1998-11-27 13:24:59', '1983-08-18 23:24:27', 1, 0),
(586, 202, 251, 'Culpa dolores commodi laborum animi neque vero.', '2014-11-23 03:30:04', '2012-10-31 11:02:33', 1, 0),
(587, 213, 251, 'Aspernatur deleniti laboriosam deserunt quam possimus quasi.', '2016-03-15 18:36:49', '2004-04-11 00:34:13', 1, 0),
(588, 210, 224, 'Molestias nostrum maxime totam aperiam.', '2017-05-28 08:41:36', '1973-10-27 14:01:18', 1, 0),
(589, 205, 224, 'Placeat quod magni repellat.', '1990-05-19 12:07:36', '1997-10-26 15:08:44', 1, 0),
(590, 215, 254, 'Repudiandae reprehenderit et voluptatem delectus quae sequi ex.', '1981-02-13 02:13:37', '1987-07-20 06:47:13', 1, 0),
(591, 219, 246, 'Perspiciatis quibusdam est est rerum.', '2002-06-18 09:06:54', '2014-01-28 02:07:30', 1, 0),
(592, 201, 218, 'Aut qui sint in.', '1999-07-13 10:34:39', '2012-03-15 22:04:10', 1, 0),
(593, 201, 229, 'Facere molestiae ut qui assumenda omnis qui velit soluta.', '1972-04-11 22:00:59', '1991-04-02 15:47:39', 1, 0),
(594, 206, 209, 'Odio maxime velit adipisci neque.', '1993-10-18 06:58:37', '2012-10-17 13:55:35', 1, 0),
(595, 210, 230, 'Ut illum expedita est reiciendis facere dolorem perferendis et.', '1982-08-11 01:21:25', '2003-08-15 19:10:22', 1, 0),
(596, 216, 246, 'Natus voluptatem tempora nihil necessitatibus et.', '1976-05-23 07:10:19', '1980-08-28 21:49:00', 1, 0),
(597, 215, 243, 'Corporis modi odio dolorem quis alias maxime.', '1983-11-24 11:15:36', '2011-02-13 20:09:12', 1, 0),
(598, 220, 226, 'Et aperiam consequuntur velit amet earum.', '1987-12-13 08:13:28', '2007-06-01 13:53:19', 1, 0),
(599, 211, 230, 'Aspernatur occaecati beatae magni distinctio totam illum.', '1998-12-16 02:51:36', '1983-02-22 08:16:26', 1, 0),
(600, 209, 254, 'Enim commodi quae ab et perferendis.', '2009-10-03 03:13:00', '1974-10-15 06:19:49', 1, 0),
(601, 215, 213, 'Eos sint et ut quos.', '1997-01-31 09:01:06', '1990-06-04 17:48:26', 1, 0),
(602, 218, 237, 'Quia esse deserunt tempore vero id quidem nobis.', '1996-07-12 15:33:14', '2019-03-13 00:36:38', 1, 0),
(603, 217, 253, 'Aut iure nihil et nostrum et dolorum.', '2005-09-22 18:35:43', '1984-10-01 20:07:03', 0, 0),
(604, 217, 232, 'Dolore maiores placeat dolores consequatur provident quisquam.', '1991-07-11 03:28:20', '1993-11-11 04:51:54', 1, 0),
(605, 205, 247, 'Et ipsam amet odio quia assumenda.', '1996-09-03 21:06:22', '1999-06-24 20:55:20', 1, 0),
(606, 213, 210, 'Harum ducimus illo quasi nesciunt laudantium.', '1970-04-05 23:54:41', '1980-04-01 20:42:57', 1, 0),
(607, 201, 247, 'Ipsa architecto autem occaecati id reiciendis quisquam et.', '2011-06-09 09:00:32', '2012-10-21 09:58:57', 1, 0),
(608, 222, 256, 'tu fous quoi en spé symfo?', '2019-04-19 17:33:33', NULL, 1, 1),
(609, 223, 256, 'test addflash', '2019-04-19 18:36:52', NULL, 0, 0),
(610, 223, 206, 'c\'est simple', '2019-04-19 18:38:50', NULL, 1, 0),
(611, 223, 257, 'test réponse via form intégré à show', '2019-04-19 19:13:41', NULL, 0, 0),
(612, 223, 257, 'nouveau test', '2019-04-19 19:14:22', NULL, 1, 0),
(613, 223, 207, 'symfony c\'est possib !', '2019-04-19 19:25:21', NULL, 1, 0),
(614, 223, 207, '.', '2019-04-19 19:42:18', NULL, 1, 0),
(615, 223, 207, '..', '2019-04-19 19:45:48', NULL, 1, 0),
(616, 223, 207, 'salut', '2019-04-19 19:47:19', NULL, 1, 0),
(617, 223, 256, 'test', '2019-04-21 11:02:19', NULL, 1, 2),
(618, 223, 256, 'test', '2019-04-21 11:02:25', NULL, 1, 4),
(619, 223, 258, 'test', '2019-04-21 11:48:21', NULL, 0, 0),
(620, 223, 256, 'salut', '2019-04-21 12:17:24', NULL, 1, -1),
(621, 223, 256, 'new test', '2019-04-21 12:56:42', NULL, 1, 0),
(622, 222, 256, 'test modo', '2019-04-21 12:57:12', NULL, 1, 0),
(623, 221, 256, 'test admin', '2019-04-21 12:58:38', NULL, 1, 6),
(624, 223, 258, 'essai', '2019-04-22 19:50:38', NULL, 1, 1),
(625, 223, 259, 'carrément génial !', '2019-04-22 21:12:40', NULL, 1, 3),
(626, 223, 259, 'vivement le projet', '2019-04-22 21:12:51', NULL, 1, 1),
(627, 223, 259, 'bonne visite', '2019-04-22 21:12:58', NULL, 1, 2);

--
-- Contenu de la table `migration_versions`
--

INSERT INTO `migration_versions` (`version`, `executed_at`) VALUES
('20190416183714', '2019-04-16 18:37:42'),
('20190419143246', '2019-04-19 14:33:07'),
('20190419143949', '2019-04-19 14:39:56'),
('20190420181058', '2019-04-20 18:11:15'),
('20190421173155', '2019-04-21 17:32:12'),
('20190421173439', '2019-04-21 17:34:44');

--
-- Contenu de la table `question`
--

INSERT INTO `question` (`id`, `author_id`, `right_answer_id`, `title`, `content`, `slug`, `created_at`, `updated_at`, `status`, `vote`) VALUES
(206, 202, NULL, 'Modi voluptatum ex et sequi qui dolor.', 'Eum sint molestiae ea.', 'modi-voluptatum-ex-et-sequi-qui-dolor-', '1991-01-30 08:41:37', '1984-02-13 07:40:09', 1, 0),
(207, 218, 613, 'Velit vero at qui maxime voluptates error.', 'Sunt dolores sunt non quos voluptate laborum.', 'velit-vero-at-qui-maxime-voluptates-error-', '2002-06-09 08:04:46', '1992-02-10 15:04:50', 1, 0),
(208, 220, 560, 'Rerum in non ut deleniti.', 'Rerum ea accusantium veritatis praesentium eaque.', 'rerum-in-non-ut-deleniti-', '2006-11-20 08:03:05', '1980-04-07 16:26:02', 1, 0),
(209, 201, NULL, 'Sequi qui voluptatem ea repudiandae suscipit perferendis aspernatur ea.', 'Autem repudiandae sed doloribus harum.', 'sequi-qui-voluptatem-ea-repudiandae-suscipit-perferendis-aspernatur-ea-', '1997-02-26 13:19:51', '1971-06-10 15:22:39', 1, 0),
(210, 207, NULL, 'Quibusdam impedit qui mollitia expedita.', 'Temporibus eaque nemo quia sit.', 'quibusdam-impedit-qui-mollitia-expedita-', '1988-09-05 21:53:20', '1976-09-06 09:31:11', 1, 0),
(211, 205, NULL, 'Quidem enim temporibus minus laborum qui omnis.', 'Ut aut beatae quia nemo dolor.', 'quidem-enim-temporibus-minus-laborum-qui-omnis-', '2016-05-28 03:37:08', '2001-01-28 06:20:09', 1, 0),
(212, 205, NULL, 'Accusamus ea rem deserunt consequatur aut.', 'Fuga ipsa eligendi est.', 'accusamus-ea-rem-deserunt-consequatur-aut-', '1975-08-17 12:23:56', '2005-11-25 02:27:47', 1, 0),
(213, 207, NULL, 'Iure minima nostrum doloribus voluptatum sapiente excepturi.', 'Ratione quo error accusamus animi unde blanditiis consectetur.', 'iure-minima-nostrum-doloribus-voluptatum-sapiente-excepturi-', '1982-04-11 10:01:00', '1980-08-26 00:54:27', 1, 0),
(214, 210, NULL, 'Sed adipisci corrupti aut odio nihil ipsam.', 'Consequatur aut est sed rerum.', 'sed-adipisci-corrupti-aut-odio-nihil-ipsam-', '1995-05-13 15:56:17', '1979-09-06 01:11:01', 1, 0),
(215, 211, NULL, 'Voluptate optio eaque nulla temporibus suscipit qui explicabo odio.', 'Inventore et vel error qui accusantium dolor eos.', 'voluptate-optio-eaque-nulla-temporibus-suscipit-qui-explicabo-odio-', '1980-07-24 14:00:51', '1979-08-13 19:32:05', 1, 0),
(216, 211, NULL, 'Est dicta aperiam et autem quam maiores non beatae.', 'Nemo dolore voluptatem omnis exercitationem quam quia soluta.', 'est-dicta-aperiam-et-autem-quam-maiores-non-beatae-', '2004-03-28 10:51:08', '1971-07-08 01:15:26', 1, 0),
(217, 218, NULL, 'Qui suscipit consectetur natus sint et omnis dolor.', 'Dolor ex unde sequi placeat nobis non soluta.', 'qui-suscipit-consectetur-natus-sint-et-omnis-dolor-', '2000-07-26 02:23:05', '1981-11-06 21:48:52', 1, 0),
(218, 220, NULL, 'Modi perferendis et voluptatem ullam assumenda reiciendis.', 'Ullam sint dolores sunt ea.', 'modi-perferendis-et-voluptatem-ullam-assumenda-reiciendis-', '2010-01-21 06:08:43', '1984-05-29 11:38:52', 1, 0),
(219, 218, NULL, 'Id et assumenda incidunt.', 'Nihil culpa error est velit dolores totam pariatur.', 'id-et-assumenda-incidunt-', '1990-11-18 00:25:36', '2014-03-29 00:16:39', 1, 0),
(220, 217, NULL, 'Et libero doloremque ut rerum est et facilis.', 'Aperiam deserunt ipsum pariatur sit quos omnis.', 'et-libero-doloremque-ut-rerum-est-et-facilis-', '1986-05-26 14:05:49', '2004-04-03 18:16:33', 1, 0),
(221, 209, NULL, 'Cumque beatae voluptas dolorem natus est.', 'Quidem facere omnis ipsa vel veritatis.', 'cumque-beatae-voluptas-dolorem-natus-est-', '1978-11-26 16:35:13', '2002-03-16 08:26:20', 1, 0),
(222, 217, NULL, 'Ratione qui qui libero accusamus.', 'Dicta tempore expedita deserunt quia ea et earum ut.', 'ratione-qui-qui-libero-accusamus-', '1972-11-06 12:00:43', '1999-12-01 21:13:44', 1, 0),
(223, 205, NULL, 'Et dolore illum ex veritatis laudantium voluptas consequuntur.', 'Delectus doloribus earum rem est consectetur non.', 'et-dolore-illum-ex-veritatis-laudantium-voluptas-consequuntur-', '1992-09-25 00:34:10', '2016-02-19 11:48:42', 1, 0),
(224, 205, NULL, 'Dolorum vero accusamus esse totam aut nesciunt nobis repudiandae.', 'Dolores voluptatem dolorem ea dolor eligendi eos et minus.', 'dolorum-vero-accusamus-esse-totam-aut-nesciunt-nobis-repudiandae-', '1982-05-15 05:22:33', '1970-10-11 22:21:32', 1, 0),
(225, 220, NULL, 'Et velit eum et accusamus.', 'Nam omnis eum ipsum autem eos.', 'et-velit-eum-et-accusamus-', '2017-09-19 14:55:33', '2012-10-21 19:34:18', 1, 0),
(226, 201, NULL, 'Quisquam labore itaque magni est voluptatem provident.', 'Eum est autem voluptatibus molestiae.', 'quisquam-labore-itaque-magni-est-voluptatem-provident-', '1984-01-29 20:21:28', '2017-03-23 04:04:52', 1, 0),
(227, 209, NULL, 'Quis odio laborum earum distinctio.', 'Adipisci illo enim sit non est dolorum ipsam.', 'quis-odio-laborum-earum-distinctio-', '2014-01-15 01:47:48', '1993-04-05 14:21:52', 1, 0),
(228, 205, NULL, 'Eum vitae tempore ratione nihil quasi.', 'Molestiae atque numquam accusamus eum.', 'eum-vitae-tempore-ratione-nihil-quasi-', '2014-10-02 19:00:29', '1977-06-13 13:53:51', 1, 0),
(229, 217, NULL, 'Velit commodi deleniti optio autem quia perferendis.', 'Aut iste nesciunt quia consequatur.', 'velit-commodi-deleniti-optio-autem-quia-perferendis-', '1997-09-21 20:00:15', '2008-12-14 02:02:47', 1, 0),
(230, 203, NULL, 'Harum itaque animi illo velit.', 'Porro autem inventore sint neque.', 'harum-itaque-animi-illo-velit-', '2014-04-26 18:19:27', '1984-01-25 17:34:01', 1, 0),
(231, 219, NULL, 'Perferendis voluptatibus eaque nisi et maiores.', 'Deleniti in odio voluptatem quibusdam rem.', 'perferendis-voluptatibus-eaque-nisi-et-maiores-', '2003-05-28 12:50:03', '1978-11-07 13:09:01', 1, 0),
(232, 203, NULL, 'Suscipit itaque nostrum quasi voluptatem velit.', 'Aut vel et dolor delectus et officiis fuga.', 'suscipit-itaque-nostrum-quasi-voluptatem-velit-', '2009-12-09 14:23:27', '2004-11-20 01:11:47', 1, 0),
(233, 213, NULL, 'Velit nam autem aut.', 'Deleniti amet omnis ratione atque et ut sit.', 'velit-nam-autem-aut-', '1997-05-15 05:54:26', '2013-06-06 07:38:46', 1, 0),
(234, 214, NULL, 'Minima perspiciatis labore esse vitae et doloremque dolor.', 'Qui numquam ea ex consectetur debitis fugit.', 'minima-perspiciatis-labore-esse-vitae-et-doloremque-dolor-', '1986-04-30 11:53:04', '2012-07-20 14:44:27', 1, 0),
(235, 209, NULL, 'Ut aliquam rerum fugiat.', 'Cum illum molestias laborum ipsam quos.', 'ut-aliquam-rerum-fugiat-', '2015-01-28 18:14:16', '2015-10-11 10:12:00', 1, 0),
(236, 213, NULL, 'Culpa eveniet et nisi est.', 'Officiis mollitia nihil enim.', 'culpa-eveniet-et-nisi-est-', '1972-12-21 11:49:59', '1996-01-10 20:24:00', 1, 0),
(237, 201, NULL, 'Magni quos sunt architecto consequatur.', 'Nihil voluptatem et eum qui aliquid temporibus cum.', 'magni-quos-sunt-architecto-consequatur-', '1971-06-15 20:53:15', '2008-11-25 14:05:28', 1, 0),
(238, 208, NULL, 'Ipsum ratione eius quas sint.', 'Illo qui voluptas et repellendus saepe.', 'ipsum-ratione-eius-quas-sint-', '2013-05-15 13:09:09', '1994-01-11 12:44:46', 1, 0),
(239, 213, NULL, 'Facilis voluptas sint et hic accusantium ullam.', 'Est ipsa sed harum consequatur.', 'facilis-voluptas-sint-et-hic-accusantium-ullam-', '1984-08-22 21:53:55', '2005-03-30 02:45:20', 1, 0),
(240, 211, NULL, 'Expedita iste ea amet consequuntur ut.', 'Perferendis reiciendis quia et corporis.', 'expedita-iste-ea-amet-consequuntur-ut-', '1980-03-06 09:37:46', '1985-01-29 12:49:21', 1, 0),
(241, 214, NULL, 'Labore debitis voluptas excepturi veritatis sit voluptas.', 'Quasi qui et sint non suscipit.', 'labore-debitis-voluptas-excepturi-veritatis-sit-voluptas-', '2003-10-06 00:22:56', '2012-05-22 13:50:57', 1, 0),
(242, 214, NULL, 'Voluptates at qui vitae adipisci vel.', 'Aliquam earum maxime labore dolorem distinctio autem.', 'voluptates-at-qui-vitae-adipisci-vel-', '2007-07-09 12:48:46', '1971-04-05 22:09:34', 1, 0),
(243, 217, NULL, 'Natus molestias voluptas quos itaque quia sit.', 'Tempora ut excepturi id ratione natus repudiandae cumque.', 'natus-molestias-voluptas-quos-itaque-quia-sit-', '1981-12-16 22:12:46', '1977-07-28 11:43:00', 1, 0),
(244, 206, NULL, 'Cupiditate placeat cum tempore animi autem et exercitationem vel.', 'Quia delectus earum est quia porro id.', 'cupiditate-placeat-cum-tempore-animi-autem-et-exercitationem-vel-', '1987-10-20 15:50:38', '1971-08-13 22:30:34', 1, 0),
(245, 201, NULL, 'Fugit magni explicabo modi ducimus nihil.', 'Culpa sed quia autem ea illum et vitae repellendus.', 'fugit-magni-explicabo-modi-ducimus-nihil-', '1971-07-26 16:42:25', '1989-12-24 11:00:50', 1, 0),
(246, 204, NULL, 'Ipsum quia in et consequatur illo sint.', 'Voluptatem minus facere sunt quo quaerat reiciendis.', 'ipsum-quia-in-et-consequatur-illo-sint-', '1998-10-30 16:05:34', '2003-07-27 12:31:36', 1, 0),
(247, 208, NULL, 'Quia quia exercitationem aut sit.', 'Consequuntur est eius minima at unde occaecati.', 'quia-quia-exercitationem-aut-sit-', '1997-07-21 13:58:15', '1987-08-16 17:24:35', 1, 0),
(248, 205, NULL, 'Est veritatis asperiores expedita omnis ea et.', 'Earum ut neque cupiditate sint rerum eos voluptatum odio.', 'est-veritatis-asperiores-expedita-omnis-ea-et-', '2008-04-09 06:36:02', '1986-10-12 11:05:52', 1, 0),
(249, 213, NULL, 'Reprehenderit ipsum officia quo autem dolorem ullam.', 'Doloribus in autem voluptates officiis impedit consectetur quia.', 'reprehenderit-ipsum-officia-quo-autem-dolorem-ullam-', '1981-10-12 07:27:49', '1982-02-13 19:43:56', 1, 0),
(250, 219, NULL, 'Commodi inventore laboriosam sint.', 'Accusantium tenetur et et rerum.', 'commodi-inventore-laboriosam-sint-', '1996-08-23 20:12:47', '1997-02-04 17:47:38', 0, 0),
(251, 207, NULL, 'Sed nulla corporis nam repudiandae amet repellendus.', 'Doloremque nostrum perferendis et.', 'sed-nulla-corporis-nam-repudiandae-amet-repellendus-', '2008-12-13 17:07:46', '2006-01-03 07:34:14', 1, 0),
(252, 220, NULL, 'Fuga qui quo quis iusto magni qui quis repellendus.', 'Consequatur minima qui sed aut eveniet magni enim.', 'fuga-qui-quo-quis-iusto-magni-qui-quis-repellendus-', '2018-11-25 09:28:31', '2016-12-11 10:36:07', 1, 0),
(253, 207, NULL, 'Iusto quis molestias neque et harum ipsam quasi.', 'Recusandae mollitia ipsam hic qui dolor modi.', 'iusto-quis-molestias-neque-et-harum-ipsam-quasi-', '2012-11-17 03:07:07', '1981-11-29 00:10:37', 1, -1),
(254, 220, NULL, 'Atque necessitatibus consequuntur fugiat ut omnis.', 'Quisquam ut provident at voluptates quasi.', 'atque-necessitatibus-consequuntur-fugiat-ut-omnis-', '2003-07-11 17:43:14', '1991-02-12 15:53:53', 0, 0),
(255, 210, NULL, 'Ab ipsam eos reprehenderit quia. test pour voir la longueur du titre dans le panneau d\'admin des questions...................................................................................................', 'A alias molestias qui rerum.A alias molestias qui rerum.A alias molestias qui rerum.A alias molestias qui rerum.A alias molestias qui rerum.A alias molestias qui rerum.A alias molestias qui rerum.A alias molestias qui rerum.A alias molestias qui rerum.A alias molestias qui rerum.A alias molestias qui rerum.A alias molestias qui rerum.A alias molestias qui rerum.A alias molestias qui rerum.A alias molestias qui rerum.A alias molestias qui rerum.A alias molestias qui rerum.A alias molestias qui rerum.A alias molestias qui rerum.A alias molestias qui rerum.A alias molestias qui rerum.A alias molestias qui rerum.A alias molestias qui rerum.A alias molestias qui rerum.A alias molestias qui rerum.A alias molestias qui rerum.A alias molestias qui rerum.', 'ab-ipsam-eos-reprehenderit-quia-test-pour-voir-la-longueur-du-titre-dans-le-panneau-d-admin-des-questions-', '1980-08-26 16:42:24', '1988-01-27 23:10:19', 1, 0),
(256, 222, 623, '1ere question de lorenzo', 'bonjour c\'est quoi un boolean?', '1ere-question-de-lorenzo', '2019-04-19 17:33:08', NULL, 1, 4),
(257, 223, 612, 'test addflash', 'salut salut', 'test-addflash', '2019-04-19 18:38:29', NULL, 1, 0),
(258, 223, NULL, 'essai pour voir querybuilder', 'tyesthggfnh', 'essai-pour-voir-querybuilder', '2019-04-21 11:47:33', NULL, 1, 1),
(259, 220, 625, 'est ce que ce site est cool?', 'je me pose la question car je ne suis pas certain avant d\'avoir tout vu :)', 'est-ce-que-ce-site-est-cool-', '2019-04-22 21:12:02', NULL, 1, 2);

--
-- Contenu de la table `question_tag`
--

INSERT INTO `question_tag` (`question_id`, `tag_id`) VALUES
(206, 111),
(206, 112),
(206, 114),
(206, 115),
(207, 107),
(207, 113),
(207, 114),
(207, 115),
(208, 108),
(208, 110),
(208, 112),
(208, 114),
(209, 107),
(209, 108),
(209, 111),
(209, 114),
(210, 107),
(210, 110),
(210, 111),
(210, 116),
(211, 108),
(211, 112),
(211, 114),
(211, 115),
(212, 107),
(212, 108),
(212, 109),
(212, 112),
(213, 107),
(213, 108),
(213, 112),
(213, 116),
(214, 108),
(214, 111),
(214, 113),
(214, 115),
(215, 110),
(215, 111),
(215, 113),
(215, 116),
(216, 111),
(216, 112),
(216, 115),
(216, 116),
(217, 109),
(217, 112),
(217, 115),
(217, 116),
(218, 107),
(218, 110),
(218, 112),
(218, 116),
(219, 110),
(219, 111),
(219, 115),
(219, 116),
(220, 108),
(220, 113),
(220, 114),
(220, 115),
(221, 108),
(221, 109),
(221, 110),
(221, 111),
(222, 107),
(222, 108),
(222, 109),
(222, 115),
(223, 110),
(223, 114),
(223, 115),
(223, 116),
(224, 109),
(224, 113),
(224, 114),
(224, 115),
(225, 108),
(225, 113),
(225, 115),
(225, 116),
(226, 107),
(226, 110),
(226, 115),
(226, 116),
(227, 108),
(227, 110),
(227, 114),
(227, 115),
(228, 108),
(228, 109),
(228, 111),
(228, 112),
(229, 107),
(229, 110),
(229, 112),
(229, 115),
(230, 108),
(230, 111),
(230, 113),
(230, 115),
(231, 107),
(231, 108),
(231, 110),
(231, 116),
(232, 110),
(232, 111),
(232, 112),
(232, 113),
(233, 109),
(233, 111),
(233, 115),
(233, 116),
(234, 110),
(234, 111),
(234, 113),
(234, 116),
(235, 107),
(235, 108),
(235, 111),
(235, 113),
(236, 109),
(236, 112),
(236, 115),
(236, 116),
(237, 107),
(237, 108),
(237, 109),
(237, 114),
(238, 108),
(238, 109),
(238, 111),
(238, 115),
(239, 108),
(239, 111),
(239, 115),
(239, 116),
(240, 107),
(240, 114),
(240, 115),
(240, 116),
(241, 108),
(241, 111),
(241, 115),
(241, 116),
(242, 108),
(242, 110),
(242, 112),
(242, 113),
(243, 107),
(243, 108),
(243, 109),
(243, 110),
(244, 109),
(244, 113),
(244, 114),
(244, 116),
(245, 108),
(245, 112),
(245, 113),
(245, 116),
(246, 107),
(246, 108),
(246, 109),
(246, 112),
(247, 108),
(247, 109),
(247, 110),
(247, 111),
(248, 107),
(248, 109),
(248, 112),
(248, 115),
(249, 107),
(249, 109),
(249, 112),
(249, 115),
(250, 109),
(250, 113),
(250, 114),
(250, 115),
(251, 110),
(251, 112),
(251, 113),
(251, 116),
(252, 108),
(252, 111),
(252, 114),
(252, 115),
(253, 110),
(253, 111),
(253, 113),
(253, 116),
(254, 107),
(254, 110),
(254, 111),
(254, 114),
(255, 108),
(255, 109),
(255, 111),
(255, 114),
(256, 107),
(257, 108),
(257, 110),
(257, 112),
(257, 114),
(258, 108),
(259, 114),
(259, 115),
(259, 116);

--
-- Contenu de la table `role`
--

INSERT INTO `role` (`id`, `name`, `label`, `created_at`, `updated_at`) VALUES
(49, 'ROLE_USER', 'Utilisateur', '2019-04-19 16:52:53', NULL),
(50, 'ROLE_ADMIN', 'Administrateur', '2019-04-19 16:52:53', NULL),
(51, 'ROLE_MODERATEUR', 'Modérateur', '2019-04-19 16:52:53', NULL);

--
-- Contenu de la table `tag`
--

INSERT INTO `tag` (`id`, `name`, `slug`, `created_at`, `updated_at`) VALUES
(107, 'Cueilleur de cerises', 'cueilleur-de-cerises', '2009-06-25 16:57:02', '1997-09-26 23:53:41'),
(108, 'Aide-déménageur', 'aide-d-m-nageur', '2002-01-31 19:21:16', '1981-06-30 00:07:18'),
(109, 'Chef monteur son', 'chef-monteur-son', '1972-02-18 00:35:35', '1978-03-15 12:45:06'),
(110, 'Agent de curage', 'agent-de-curage', '1983-04-04 21:08:29', '1977-06-20 14:36:07'),
(111, 'Lexicographe', 'lexicographe', '2008-03-28 06:41:19', '1984-12-21 15:36:46'),
(112, 'Artificier spectacle', 'artificier-spectacle', '1985-09-26 10:37:29', '1998-07-09 15:37:33'),
(113, 'Staffeur', 'staffeur', '1997-03-28 23:56:37', '1991-06-23 11:25:37'),
(114, 'symfony', 'symfony', '1975-07-06 14:48:46', '2015-09-23 08:07:59'),
(115, 'doctrine', 'doctrine', '2017-12-02 18:19:50', '1975-06-19 01:49:09'),
(116, 'PHP', 'php', '2015-02-16 16:25:24', '2000-03-13 19:35:21'),
(117, 'Javascript', 'javascript', '2019-04-21 12:02:09', NULL);

--
-- Contenu de la table `user`
--

INSERT INTO `user` (`id`, `email`, `username`, `password`, `slug`, `description`, `avatar`, `created_at`, `updated_at`, `role_id`, `firstname`, `lastname`) VALUES
(201, 'astrid60@leconte.org', 'astrid-60', '$argon2i$v=19$m=1024,t=2,p=2$T2JRYUJ6d3BXZTlVdlgydQ$AZk1O2fz+YJCWhKDAtG5HKScsNHsX6pCMerJERj+nts', 'astrid-60', 'je suis astrid du 60', 'https://lorempixel.com/640/480/?96000', '1997-08-21 04:59:24', '2005-03-25 08:52:27', 49, 'Astrid', 'Guyot'),
(202, 'franck68@tele2.fr', 'alexandria.roy', '$argon2i$v=19$m=1024,t=2,p=2$YXBCeHlINzlQLnVKNTgyVA$EeTKCQrAGgG9uVRQILAhjRTSINyUkZnSWnMVeHw0GaU', 'alexandria-roy', 'Aliquam velit distinctio earum saepe in aliquid aut dolorum.', 'https://lorempixel.com/640/480/?47792', '1989-09-01 16:49:10', '2002-01-18 04:18:48', 49, 'Hortense', 'Bazin'),
(203, 'alex.briand@monnier.fr', 'tristan05', '$argon2i$v=19$m=1024,t=2,p=2$Zmg0Qjg0eDRRaHJJRzB1cg$VVGzj0L5cE3c/m1XeqrLSaXphonaRNuAarBuvu633vQ', 'tristan05', 'Ratione ab consequatur fugiat consequatur.', 'https://lorempixel.com/640/480/?96626', '1984-02-01 03:11:06', '1983-11-18 05:40:17', 49, 'Luce', 'Bousquet'),
(204, 'charlotte60@levy.com', 'margot.leduc', '$argon2i$v=19$m=1024,t=2,p=2$NHc0LlRZRURELk5JLndLeQ$efMclYc70zUSrXmdMCBA7dNFSA4SN6lPczXG7Gx3YuU', 'margot-leduc', 'In in repellendus blanditiis mollitia et modi.', 'https://lorempixel.com/640/480/?77008', '1988-06-18 13:11:54', '2005-12-01 05:25:51', 49, 'Maryse', 'Caron'),
(205, 'gregoire43@tiscali.fr', 'gdumont', '$argon2i$v=19$m=1024,t=2,p=2$Z1MucVljYURiU0dVQ0dZaA$G3dzrwVKxjZKnINIaEwiLT6ztwoZbsKohiG8FJ78l14', 'gdumont', 'Distinctio nostrum et rerum eos ad totam nobis enim.', 'https://lorempixel.com/640/480/?79188', '1981-10-07 06:01:26', '2011-08-09 10:38:03', 51, 'Philippine', 'Imbert'),
(206, 'yves73@bouygtel.fr', 'dupuy.charles', '$argon2i$v=19$m=1024,t=2,p=2$Z2NVUHlkbWNoM1J6YmQzcw$8orNxAcwOzg/uKbHcDZfPuwu3UL6cwTnoUUI72Uqr3M', 'dupuy-charles', 'Eligendi rerum asperiores accusantium excepturi praesentium reiciendis minima.', 'https://lorempixel.com/640/480/?27331', '2013-09-16 23:19:25', '2015-01-12 14:30:03', 49, 'Antoinette', 'Blanc'),
(207, 'theophile.denis@tessier.com', 'merle.emmanuel', '$argon2i$v=19$m=1024,t=2,p=2$QWNWMHRsNmhPV3BRbWRlWA$6unp6HMEy8ZvKZTz7/raSHZZkr8nAH+zPEQQiOHl23Y', 'merle-emmanuel', 'Nostrum et hic aut est quam quae vel magnam.', 'https://lorempixel.com/640/480/?64869', '1986-10-05 05:25:54', '1981-07-15 12:03:23', 49, 'Dominique', 'Weber'),
(208, 'georges.lemaire@free.fr', 'chauveau.emmanuel', '$argon2i$v=19$m=1024,t=2,p=2$cTguMWFrU29NZkRidTdRYQ$+H4w3/yPwyUb+HfhZUPwJCKItuYfrzfmM6euUTW72mY', 'chauveau-emmanuel', 'Error distinctio qui hic quae veritatis.', 'https://lorempixel.com/640/480/?35593', '2012-08-22 09:12:27', '1971-03-10 13:36:25', 49, 'Stéphane', 'Jean'),
(209, 'svasseur@gmail.com', 'ncarpentier', '$argon2i$v=19$m=1024,t=2,p=2$OGp3LnZhVUNjMzNxWDBweA$i2u3/tmQaw3WEo56hzDruptsBqOtgdW1QZtjWHGndYQ', 'ncarpentier', 'Explicabo ex dolores tenetur id placeat magni.', 'https://lorempixel.com/640/480/?72662', '2016-05-26 00:18:35', '1977-11-27 13:45:58', 51, 'Renée', 'Lelievre'),
(210, 'gabrielle.leger@tele2.fr', 'adrien.rousset', '$argon2i$v=19$m=1024,t=2,p=2$VVlsSkg4WWVqelJmS1dmRA$d0rkL6th4Fzff7zpUYxPIFuT/Fv3F8muePi1cFYuvIA', 'adrien-rousset', 'Consectetur a amet vel doloribus vitae.', 'https://lorempixel.com/640/480/?75218', '1989-03-30 01:41:15', '1997-10-09 14:04:26', 49, 'Guillaume', 'Rodriguez'),
(211, 'ilopes@hoarau.fr', 'echretien', '$argon2i$v=19$m=1024,t=2,p=2$VEZEM1pEd3cyVnpPYW45VA$ufi5kmCwQVYNGS+fjuRvIO85lgqU7K24jitSzYjfhl4', 'echretien', 'Alias placeat qui quasi quasi quo excepturi voluptatum.', 'https://lorempixel.com/640/480/?18095', '2008-10-28 04:54:43', '2015-02-12 14:57:29', 49, 'Nathalie', 'Lebrun'),
(212, 'sreynaud@dijoux.com', 'nath.perret', '$argon2i$v=19$m=1024,t=2,p=2$UHlGWXFuNHdTNmp2aXBhMg$VnKIz+YBDHCVxGBs73rs1z+VaDaGQO6JzO5Bkak+aDE', 'nath-perret', 'Reprehenderit ducimus quod alias molestiae.', 'https://lorempixel.com/640/480/?12781', '1973-10-26 07:56:55', '2006-07-22 19:26:09', 49, 'Clémence', 'Perrot'),
(213, 'luc32@vaillant.fr', 'gimenez.leon', '$argon2i$v=19$m=1024,t=2,p=2$a0twand3YWNQWnFQZFZLVg$mDZ26C9MwATeFVgrikTGBaKkhSrl4ecq4KSKQUM5ceI', 'gimenez-leon', 'Illum voluptates magni asperiores quia dicta optio.', 'https://lorempixel.com/640/480/?55611', '1994-11-22 03:22:47', '2012-03-15 15:23:46', 49, 'Maggie', 'Le Gall'),
(214, 'igiraud@tele2.fr', 'jacquot.adelaide', '$argon2i$v=19$m=1024,t=2,p=2$cGhyMU5iREJqb3dERmdmNw$dPyi4rKE7BSYKlVAcXAhyGv/dPdx0YMFKXNNpSDhOng', 'jacquot-adelaide', 'Et quod beatae id saepe.', 'https://lorempixel.com/640/480/?58815', '1980-10-11 05:44:27', '1971-10-20 01:14:14', 49, 'Marianne', 'Garcia'),
(215, 'martineau.patrick@free.fr', 'amelie.buisson', '$argon2i$v=19$m=1024,t=2,p=2$eWsyUXhHU1VvYm9sVGl6dw$8IidXuaYbSFOTuz8YvT28cQid23/AobUFDHO4tFesXc', 'amelie-buisson', 'Est in beatae recusandae officia rerum quia et assumenda.', 'https://lorempixel.com/640/480/?83793', '2007-01-10 11:15:46', '2015-08-19 04:20:16', 49, 'Susanne', 'Loiseau'),
(216, 'jules.bazin@philippe.net', 'perret.alexandrie', '$argon2i$v=19$m=1024,t=2,p=2$RnJ3bjEuZnZhb1gyRG5XWQ$pjdch9K33e/rBdyKLQJikhTOgv6R4UpIIfJCSKuJmgo', 'perret-alexandrie', 'Labore voluptas nam dolore officia explicabo.', 'https://lorempixel.com/640/480/?40470', '2016-08-15 02:08:55', '1995-05-14 09:59:40', 49, 'Patrick', 'Traore'),
(217, 'dominique08@orange.fr', 'colette.cordier', '$argon2i$v=19$m=1024,t=2,p=2$LjVrSGhUNktVQndlaEVPbA$wR52wucfOSNt4JCr+EhYmgs8qC2jKpj1RWO1/VZWN4E', 'colette-cordier', 'Ea nemo similique inventore accusantium.', 'https://lorempixel.com/640/480/?14891', '2001-08-12 19:50:00', '1992-04-21 09:52:26', 49, 'Tristan', 'Pons'),
(218, 'marcelle73@riou.com', 'louis.bouvet', '$argon2i$v=19$m=1024,t=2,p=2$Tmp1WDhUenQ4bm83ek9SRA$sSVDNYBf95axkt6fB2hFJ6Ex8egXtj6eLD5jW2Bjj4A', 'louis-bouvet', 'Cupiditate expedita voluptate voluptas.', 'https://lorempixel.com/640/480/?71001', '1975-04-03 22:21:39', '1999-02-21 22:51:31', 49, 'René', 'Bertin'),
(219, 'idelahaye@orange.fr', 'elodie49', '$argon2i$v=19$m=1024,t=2,p=2$c2FrRnBNZzJleVpQcXU3cw$w/PKMtfTjTYhoAsLY9MH9AUH4e2GbJ4WF8BjuzMDBEg', 'elodie49', 'Pariatur blanditiis tempore perspiciatis officiis delectus dicta aut.', 'https://lorempixel.com/640/480/?16240', '1992-11-25 13:25:55', '2012-06-11 01:23:52', 51, 'Théophile', 'Legrand'),
(220, 'jc@oclock.io', 'jc', '$argon2i$v=19$m=1024,t=2,p=2$ZjBqWmJXR3AuU2tYSDhwVw$A/09+/ZpQZZM+7x9UN52D1iFAKa0IbF/cukJSFN3MIs', 'jc', 'Quasi exercitationem veritatis ipsam sed inventore.', 'https://lorempixel.com/640/480/?26200', '2005-04-04 23:01:13', '1997-07-19 03:18:08', 49, 'jc', 'jc'),
(221, 'lorenzo.marozzo@gmail.com', 'lorenzoadmin', '$argon2i$v=19$m=1024,t=2,p=2$bWs0MWNlTzF3MWl4eGczSQ$NAqYfoAYsBOQQPoHZ5Plr2VbxzIklH0od/aNYrTaBFA', 'grandpere', NULL, NULL, '2019-04-19 17:21:54', NULL, 50, 'lorenzo', 'marozzo'),
(222, 'lorenzo-mar@hotmail.fr', 'lorenzomodo', '$argon2i$v=19$m=1024,t=2,p=2$anFOaEFTVDlNTXhYMW9oRA$fO9irDvNi0KH72/CiGDr6Q1q6AnMJee0KYCsKSL7yCs', 'lorenzo', NULL, NULL, '2019-04-19 17:32:35', NULL, 51, 'lorenzo', 'marozzo'),
(223, 'lorenzo@gmail.com', 'lorenzouser', '$argon2i$v=19$m=1024,t=2,p=2$alFPOFN2Uk5pUU5iaUp2Sg$/79imHEBLNt01GqjIWGPXQI/KOcs7KoBRxhaQYHGzbI', 'lorenzouser', 'je suis lorenzo', NULL, '2019-04-19 18:14:29', NULL, 49, 'lorenzo', 'marozzo'),
(224, 'milou.amelie@gmail.com', 'milou', '$argon2i$v=19$m=1024,t=2,p=2$WG8wYmhNQldLVG0zMFByZg$iQ0x7MQ01SOsxQ/d4U9zOow1T3cAX4BRg52/HK2MuGk', 'milou', NULL, NULL, '2019-04-23 15:28:23', NULL, 49, 'Amelie', 'Milou');

/*!40101 SET CHARACTER_SET_CLIENT=@OLD_CHARACTER_SET_CLIENT */;
/*!40101 SET CHARACTER_SET_RESULTS=@OLD_CHARACTER_SET_RESULTS */;
/*!40101 SET COLLATION_CONNECTION=@OLD_COLLATION_CONNECTION */;
